{
  "assetsByChunkName": {
    "vendors~app-account~app-checkout~app-confirmation~app-order": "chunk.cdad2014cdb72b3b20ff.js",
    "vendors~app-account~app-confirmation~app-order": "chunk.4a8da71ad00bb72781a0.js",
    "vendors~app-account~app-checkout": "chunk.162f4000228ea56eecc0.js",
    "vendors~app-cart~app-checkout": "chunk.35d20a5e7d3b87466f91.js",
    "admin": [
      "admin.d6cdfeaf0f81e6c5c537.js",
      "admin.d6cdfeaf0f81e6c5c537.js.map"
    ],
    "app-account": "chunk.e3868c81abfb7ee4258e.js",
    "app-cart": "chunk.057466939be33d4bd4d8.js",
    "app-checkout": "chunk.e5792c19a1d08b2bed4a.js",
    "app-confirmation": "chunk.b0e7e6465c1b0e6f48e8.js",
    "app-order": "chunk.8f36200692ffec901076.js",
    "checkout": [
      "checkout.b309517a39c812305585.js",
      "checkout.b309517a39c812305585.js.map"
    ],
    "storefront": [
      "storefront.544617982abddef9a0e1.css",
      "storefront.946dd37b43038a12b3ed.js",
      "storefront.544617982abddef9a0e1.css.map",
      "storefront.946dd37b43038a12b3ed.js.map"
    ],
    "vendors~app-cart": "chunk.b80863773c8ce8646024.js"
  }
}