{
  "categories_list": {
    "featured": [],
    "random": 20,
    "full_width": false
  },
  "menu_all_departments": false,
  "centralized_logo": true,
  "marketing_stripe": {
    "text": "Aproveite nossos descontos de até 50%!",
    "link": "/promotion"
  },
  "alphabetical_order_submenu": false,
  "popup": "",
  "name_all_departments": "",
  "search_input": true,
  "desktop_megamenu": false,
  "full_width_submenu": false,
  "contacts_stripe": {
    "pages": [],
    "phone_wpp": true,
    "socials": false
  }
}