{
  "meta_title": "",
  "meta_description": "",
  "sections": [
    {
      "type": "banner-slider",
      "autoplay": 9000,
      "full_width": false,
      "slides": [
        {
          "start": "",
          "end": "",
          "img": "/img/uploads/banner_site-copiar.jpg",
          "link": "/doce-de-leite-jacutinga",
          "mobile_img": "/img/uploads/banner_site_mobile-copiar.jpg"
        },
        {
          "start": "",
          "end": "",
          "img": "/img/uploads/banner_site_2-copiar.jpg",
          "mobile_img": "/img/uploads/banner_site_mobile_2-copiar.jpg",
          "link": "/cachaca"
        },
        {
          "start": "",
          "end": "",
          "img": "/img/uploads/banner-site-vinicola-desktop.jpg",
          "mobile_img": "/img/uploads/banner-site-vinicola-mobile.jpg",
          "link": "/vinho"
        }
      ]
    },
    {
      "type": "collection-shelf",
      "shuffle": false,
      "limit": 12,
      "page": 1,
      "skus": [
        "68acb2f1578b5f795493978a",
        "68acb2f2578b5f795493978e",
        "68acb2f3578b5f7954939793",
        "68c80b5b578b5f7954acf932",
        "68acb2f4578b5f795493979b"
      ],
      "title": "Cachaça",
      "collection_id": null,
      "sort": null
    },
    {
      "type": "collection-shelf",
      "shuffle": false,
      "limit": 12,
      "page": 1,
      "skus": [
        "68acb2f6578b5f79549397a2",
        "68acb2fb578b5f79549397b4",
        "68acb2f9578b5f79549397ac",
        "691601c8c650040a8c33dd4c",
        "68acb2f5578b5f795493979f",
        "68acb2fa578b5f79549397b1",
        "68acb2f8578b5f79549397a9",
        "68acb2f7578b5f79549397a5"
      ],
      "title": "Bebida Mista",
      "collection_id": null
    },
    {
      "type": "collection-shelf",
      "shuffle": false,
      "limit": 12,
      "page": 1,
      "skus": [
        "68acb2fc578b5f79549397b7"
      ],
      "title": "Coquetel"
    },
    {
      "type": "collection-shelf",
      "shuffle": false,
      "limit": 12,
      "page": 1,
      "skus": [
        "68acb2fd578b5f79549397bb"
      ],
      "title": "Xarope"
    },
    {
      "type": "collection-shelf",
      "shuffle": false,
      "limit": 12,
      "page": 1,
      "skus": [
        "68acb302578b5f79549397cd",
        "68acb301578b5f79549397c8",
        "68acb300578b5f79549397c5"
      ],
      "title": "Água Mineral"
    },
    {
      "type": "collection-shelf",
      "shuffle": false,
      "limit": 12,
      "page": 1,
      "skus": [
        "68acb303578b5f79549397d3",
        "68acb305578b5f79549397db",
        "68acb304578b5f79549397d7",
        "68acb306578b5f79549397e0"
      ],
      "title": "Vinícola"
    },
    {
      "type": "collection-shelf",
      "shuffle": false,
      "limit": 12,
      "page": 1,
      "skus": [
        "68acb2ff578b5f79549397c2",
        "68acb2fe578b5f79549397bf"
      ],
      "title": "Carvão Vegetal"
    },
    {
      "type": "collection-shelf",
      "shuffle": false,
      "limit": 12,
      "page": 1,
      "skus": [
        "69654b98c650040a8c7a9090",
        "69657d42c650040a8c7ac543",
        "696581afc650040a8c7ac794",
        "696582a6c650040a8c7ac85c",
        "69658335c650040a8c7ac8aa",
        "696583adc650040a8c7ac8e7",
        "69654a5fc650040a8c7a8f25"
      ],
      "title": "Águas"
    },
    {
      "type": "collection-shelf",
      "shuffle": false,
      "limit": 12,
      "page": 1,
      "skus": [
        "696548c7c650040a8c7a8c97"
      ],
      "title": "Chopp de Vinho"
    },
    {
      "type": "collection-shelf",
      "shuffle": false,
      "limit": 12,
      "page": 1,
      "skus": [
        "696585b9c650040a8c7acaf2",
        "69658606c650040a8c7acb45",
        "6965865ec650040a8c7acba8",
        "696586e4c650040a8c7acc19",
        "696586a2c650040a8c7acbd4"
      ],
      "title": "Refrigerante Rainha do Brasil"
    }
  ]
}